{
  "genimage_exp0": {
    "real": {
      "l1": 0.06905607780441642,
      "lpips": 0.5028787648677826,
      "freq": 0.04500658789649606,
      "n": 100
    },
    "fake": {
      "l1": 0.053316592358584915,
      "lpips": 0.4195078965766089,
      "freq": 0.029880556516116485,
      "n": 3500
    },
    "ood_ratio": {
      "l1": 0.7720766416654016,
      "lpips": 0.8342127716305114,
      "freq": 0.663915023855709
    }
  },
  "genimage_exp1_f3": {
    "kr0.9": {
      "keep_ratio": 0.9,
      "n_pca": 90,
      "real_delta": 0.186529258787632,
      "fake_delta": 0.24183101796039513,
      "auroc": 0.73946
    },
    "kr0.7": {
      "keep_ratio": 0.7,
      "n_pca": 70,
      "real_delta": 0.1906471785902977,
      "fake_delta": 0.24623237321419375,
      "auroc": 0.7376142857142858
    },
    "kr0.5": {
      "keep_ratio": 0.5,
      "n_pca": 50,
      "real_delta": 0.19602674514055252,
      "fake_delta": 0.25098371901469574,
      "auroc": 0.7317914285714286
    },
    "kr0.3": {
      "keep_ratio": 0.3,
      "n_pca": 30,
      "real_delta": 0.2043727645277977,
      "fake_delta": 0.25941439666279725,
      "auroc": 0.7261057142857144
    },
    "kr0.1": {
      "keep_ratio": 0.1,
      "n_pca": 10,
      "real_delta": 0.22085383802652359,
      "fake_delta": 0.27309374756685323,
      "auroc": 0.7048942857142857
    }
  },
  "chameleon_exp0": {
    "real": {
      "l1": 0.05041091440292075,
      "lpips": 0.4320265788026154,
      "freq": 0.0287519670589827,
      "n": 2000
    },
    "fake": {
      "l1": 0.054718931968323885,
      "lpips": 0.43916652085632085,
      "freq": 0.031207250724546613,
      "n": 2000
    },
    "ood_ratio": {
      "l1": 1.085457817257434,
      "lpips": 1.0165266033127593,
      "freq": 1.0853949507725011
    }
  },
  "chameleon_exp1_f3": {
    "kr0.9": {
      "keep_ratio": 0.9,
      "n_pca": 90,
      "real_delta": 0.21360822467133403,
      "fake_delta": 0.23331464155763387,
      "auroc": 0.610154375
    },
    "kr0.7": {
      "keep_ratio": 0.7,
      "n_pca": 70,
      "real_delta": 0.21780923463776708,
      "fake_delta": 0.23712205209583043,
      "auroc": 0.60617725
    },
    "kr0.5": {
      "keep_ratio": 0.5,
      "n_pca": 50,
      "real_delta": 0.22228766485676169,
      "fake_delta": 0.24154558692127467,
      "auroc": 0.604446125
    },
    "kr0.3": {
      "keep_ratio": 0.3,
      "n_pca": 30,
      "real_delta": 0.2305086329691112,
      "fake_delta": 0.24885727048665285,
      "auroc": 0.5974912499999999
    },
    "kr0.1": {
      "keep_ratio": 0.1,
      "n_pca": 10,
      "real_delta": 0.24917771592363716,
      "fake_delta": 0.2652381041273475,
      "auroc": 0.58380375
    }
  }
}