{
  "random_30%": {
    "auroc_l1": 0.5233573652188647,
    "aupr_l1": 0.44387555550099,
    "auroc_cos": 0.5255450271537037,
    "aupr_cos": 0.4418103768663562,
    "s_var_real_mean": 0.011412186690321374,
    "s_var_fake_mean": 0.017519801467612547,
    "tau_l1": 0.3595734218756358,
    "tau_cos": 0.18833760619163514,
    "actual_mask_ratio_mean": 0.296875,
    "K": 8
  },
  "random_40%": {
    "auroc_l1": 0.5352654392662173,
    "aupr_l1": 0.4537369249315612,
    "auroc_cos": 0.5409026434270967,
    "aupr_cos": 0.45439033003660345,
    "s_var_real_mean": 0.014924815515847121,
    "s_var_fake_mean": 0.022906282158779004,
    "tau_l1": 0.3595734218756358,
    "tau_cos": 0.18833760619163514,
    "actual_mask_ratio_mean": 0.3984375,
    "K": 8
  },
  "random_50%": {
    "auroc_l1": 0.5473812838246735,
    "aupr_l1": 0.46364529241827884,
    "auroc_cos": 0.5578841753187016,
    "aupr_cos": 0.4685009100780323,
    "s_var_real_mean": 0.01839426524751685,
    "s_var_fake_mean": 0.02793107648367785,
    "tau_l1": 0.3595734218756358,
    "tau_cos": 0.18833760619163514,
    "actual_mask_ratio_mean": 0.5,
    "K": 8
  },
  "random_60%": {
    "auroc_l1": 0.5622648057872165,
    "aupr_l1": 0.47481528981207066,
    "auroc_cos": 0.5774644227483592,
    "aupr_cos": 0.48370329412774354,
    "s_var_real_mean": 0.02175539962176522,
    "s_var_fake_mean": 0.03263798949584305,
    "tau_l1": 0.3595734218756358,
    "tau_cos": 0.18833760619163514,
    "actual_mask_ratio_mean": 0.59765625,
    "K": 8
  },
  "random_70%": {
    "auroc_l1": 0.5783499983224883,
    "aupr_l1": 0.48715083436041373,
    "auroc_cos": 0.6002507051722955,
    "aupr_cos": 0.5028261717222702,
    "s_var_real_mean": 0.025328639926879226,
    "s_var_fake_mean": 0.03717830234259853,
    "tau_l1": 0.3595734218756358,
    "tau_cos": 0.18833760619163514,
    "actual_mask_ratio_mean": 0.69921875,
    "K": 8
  },
  "block_30%": {
    "auroc_l1": 0.4996626063254779,
    "aupr_l1": 0.41754067597391037,
    "auroc_cos": 0.5133308027101119,
    "aupr_cos": 0.42352960682369534,
    "s_var_real_mean": 0.031664213282464375,
    "s_var_fake_mean": 0.04304316176890992,
    "tau_l1": 0.32846018274625144,
    "tau_cos": 0.17087521354357402,
    "actual_mask_ratio_mean": 0.29813843922257327,
    "K": 8
  },
  "block_40%": {
    "auroc_l1": 0.5061765015732168,
    "aupr_l1": 0.42135927619065777,
    "auroc_cos": 0.5240872062720746,
    "aupr_cos": 0.43068790509675203,
    "s_var_real_mean": 0.03567647844135032,
    "s_var_fake_mean": 0.04764624158601425,
    "tau_l1": 0.32846018274625144,
    "tau_cos": 0.17087521354357402,
    "actual_mask_ratio_mean": 0.39095647906623326,
    "K": 8
  },
  "block_50%": {
    "auroc_l1": 0.5157502082132297,
    "aupr_l1": 0.4269532506376063,
    "auroc_cos": 0.5396476297904628,
    "aupr_cos": 0.441775642999814,
    "s_var_real_mean": 0.0428440583730749,
    "s_var_fake_mean": 0.05548022885015387,
    "tau_l1": 0.32846018274625144,
    "tau_cos": 0.17087521354357402,
    "actual_mask_ratio_mean": 0.5079769172180502,
    "K": 8
  },
  "block_60%": {
    "auroc_l1": 0.5252851423484597,
    "aupr_l1": 0.43379361601115024,
    "auroc_cos": 0.5554149383829186,
    "aupr_cos": 0.45404538388675164,
    "s_var_real_mean": 0.050006918181420036,
    "s_var_fake_mean": 0.06281819514581453,
    "tau_l1": 0.32846018274625144,
    "tau_cos": 0.17087521354357402,
    "actual_mask_ratio_mean": 0.604262836171878,
    "K": 8
  },
  "block_70%": {
    "auroc_l1": 0.5286775226869147,
    "aupr_l1": 0.43578480656804414,
    "auroc_cos": 0.5636052550627874,
    "aupr_cos": 0.4605395747416952,
    "s_var_real_mean": 0.05689066504311277,
    "s_var_fake_mean": 0.06700487150492956,
    "tau_l1": 0.32846018274625144,
    "tau_cos": 0.17087521354357402,
    "actual_mask_ratio_mean": 0.690433813873257,
    "K": 8
  }
}